{"cameraMode":{"drawMode":0,"name":"Shaded","section":"Shading Mode"},"sceneLighting":false,"audioPlay":false,"sceneViewState":{"showFog":true,"showMaterialUpdate":false,"showSkybox":true,"showFlares":true,"showImageEffects":true,"showParticleSystems":true},"in2DMode":false,"pivot":{"x":4.605894088745117,"y":2.2189903259277345,"z":-8.962693214416504},"rotation":{"x":0.10092894732952118,"y":-0.6362583041191101,"z":0.08447742462158203,"w":0.7601659297943115},"size":2.8578836917877199,"orthographic":false}