{"cameraMode":{"drawMode":0,"name":"Shaded","section":"Shading Mode"},"sceneLighting":true,"audioPlay":false,"sceneViewState":{"showFog":true,"showMaterialUpdate":false,"showSkybox":true,"showFlares":true,"showImageEffects":true,"showParticleSystems":true},"in2DMode":false,"pivot":{"x":4.605894088745117,"y":2.2189903259277345,"z":-8.962693214416504},"rotation":{"x":0.19515538215637208,"y":0.028537951409816743,"z":-0.005681065376847982,"w":0.9803406596183777},"size":11.999963760375977,"orthographic":false}