{"cameraMode":{"drawMode":0,"name":"Shaded","section":"Shading Mode"},"sceneLighting":false,"audioPlay":false,"sceneViewState":{"showFog":true,"showMaterialUpdate":false,"showSkybox":true,"showFlares":true,"showImageEffects":true,"showParticleSystems":true},"in2DMode":false,"pivot":{"x":0.009999990463256836,"y":1.1299999952316285,"z":-6.980000019073486},"rotation":{"x":0.10092894732952118,"y":-0.6362583041191101,"z":0.08447742462158203,"w":0.7601659297943115},"size":2.8578836917877199,"orthographic":false}